20180101,2018-01-01,01-01-2018,01-01-2018,01,st,Monday,1,2,0,0,1,1,1,1,January,2018,Jan-2018,012018,2018-01-01,2018-01-31,2018-01-01,2018-12-31,1,1,New Year's Day,1,New Year's Day
20180102,2018-01-02,02-01-2018,01-02-2018,01,nd,Tuesday,2,3,0,0,2,1,1,1,January,2018,Jan-2018,012018,2018-01-01,2018-01-31,2018-01-01,2018-12-31,0,1,,1,New Year Holiday [Scotland]
20180103,2018-01-03,03-01-2018,01-03-2018,01,rd,Wednesday,3,4,0,0,3,1,1,1,January,2018,Jan-2018,012018,2018-01-01,2018-01-31,2018-01-01,2018-12-31,0,1,,0,
20180104,2018-01-04,04-01-2018,01-04-2018,01,th,Thursday,4,5,0,0,4,1,1,1,January,2018,Jan-2018,012018,2018-01-01,2018-01-31,2018-01-01,2018-12-31,0,1,,0,
20180105,2018-01-05,05-01-2018,01-05-2018,01,th,Friday,5,6,0,0,5,1,1,1,January,2018,Jan-2018,012018,2018-01-01,2018-01-31,2018-01-01,2018-12-31,0,1,,0,
20180106,2018-01-06,06-01-2018,01-06-2018,01,th,Saturday,6,7,0,0,6,1,1,1,January,2018,Jan-2018,012018,2018-01-01,2018-01-31,2018-01-01,2018-12-31,0,0,,0,
20180107,2018-01-07,07-01-2018,01-07-2018,01,th,Sunday,7,1,1,0,7,1,1,1,January,2018,Jan-2018,012018,2018-01-01,2018-01-31,2018-01-01,2018-12-31,0,0,,0,
20180108,2018-01-08,08-01-2018,01-08-2018,01,th,Monday,1,2,1,1,8,2,2,1,January,2018,Jan-2018,012018,2018-01-01,2018-01-31,2018-01-01,2018-12-31,0,1,,0,
20180109,2018-01-09,09-01-2018,01-09-2018,01,th,Tuesday,2,3,1,1,9,2,2,1,January,2018,Jan-2018,012018,2018-01-01,2018-01-31,2018-01-01,2018-12-31,0,1,,0,
20180110,2018-01-10,10-01-2018,01-10-2018,01,th,Wednesday,3,4,1,1,10,2,2,1,January,2018,Jan-2018,012018,2018-01-01,2018-01-31,2018-01-01,2018-12-31,0,1,,0,
20180111,2018-01-11,11-01-2018,01-11-2018,01,th,Thursday,4,5,1,1,11,2,2,1,January,2018,Jan-2018,012018,2018-01-01,2018-01-31,2018-01-01,2018-12-31,0,1,,0,
20180112,2018-01-12,12-01-2018,01-12-2018,01,th,Friday,5,6,1,1,12,2,2,1,January,2018,Jan-2018,012018,2018-01-01,2018-01-31,2018-01-01,2018-12-31,0,1,,0,
20180113,2018-01-13,13-01-2018,01-13-2018,01,th,Saturday,6,7,1,1,13,2,2,1,January,2018,Jan-2018,012018,2018-01-01,2018-01-31,2018-01-01,2018-12-31,0,0,,0,
20180114,2018-01-14,14-01-2018,01-14-2018,01,th,Sunday,7,1,2,1,14,2,2,1,January,2018,Jan-2018,012018,2018-01-01,2018-01-31,2018-01-01,2018-12-31,0,0,,0,
20180115,2018-01-15,15-01-2018,01-15-2018,01,th,Monday,1,2,2,2,15,3,3,1,January,2018,Jan-2018,012018,2018-01-01,2018-01-31,2018-01-01,2018-12-31,1,1,"Martin Luther King, Jr. Day",0,
20180116,2018-01-16,16-01-2018,01-16-2018,01,th,Tuesday,2,3,2,2,16,3,3,1,January,2018,Jan-2018,012018,2018-01-01,2018-01-31,2018-01-01,2018-12-31,0,1,,0,
20180117,2018-01-17,17-01-2018,01-17-2018,01,th,Wednesday,3,4,2,2,17,3,3,1,January,2018,Jan-2018,012018,2018-01-01,2018-01-31,2018-01-01,2018-12-31,0,1,,0,
20180118,2018-01-18,18-01-2018,01-18-2018,01,th,Thursday,4,5,2,2,18,3,3,1,January,2018,Jan-2018,012018,2018-01-01,2018-01-31,2018-01-01,2018-12-31,0,1,,0,
20180119,2018-01-19,19-01-2018,01-19-2018,01,th,Friday,5,6,2,2,19,3,3,1,January,2018,Jan-2018,012018,2018-01-01,2018-01-31,2018-01-01,2018-12-31,0,1,,0,
20180120,2018-01-20,20-01-2018,01-20-2018,01,th,Saturday,6,7,2,2,20,3,3,1,January,2018,Jan-2018,012018,2018-01-01,2018-01-31,2018-01-01,2018-12-31,0,0,,0,
20180121,2018-01-21,21-01-2018,01-21-2018,01,st,Sunday,7,1,3,2,21,3,3,1,January,2018,Jan-2018,012018,2018-01-01,2018-01-31,2018-01-01,2018-12-31,0,0,,0,
20180122,2018-01-22,22-01-2018,01-22-2018,01,nd,Monday,1,2,3,3,22,4,4,1,January,2018,Jan-2018,012018,2018-01-01,2018-01-31,2018-01-01,2018-12-31,0,1,,0,
20180123,2018-01-23,23-01-2018,01-23-2018,01,rd,Tuesday,2,3,3,3,23,4,4,1,January,2018,Jan-2018,012018,2018-01-01,2018-01-31,2018-01-01,2018-12-31,0,1,,0,
20180124,2018-01-24,24-01-2018,01-24-2018,01,th,Wednesday,3,4,3,3,24,4,4,1,January,2018,Jan-2018,012018,2018-01-01,2018-01-31,2018-01-01,2018-12-31,0,1,,0,
20180125,2018-01-25,25-01-2018,01-25-2018,01,th,Thursday,4,5,3,3,25,4,4,1,January,2018,Jan-2018,012018,2018-01-01,2018-01-31,2018-01-01,2018-12-31,0,1,,0,
20180126,2018-01-26,26-01-2018,01-26-2018,01,th,Friday,5,6,3,3,26,4,4,1,January,2018,Jan-2018,012018,2018-01-01,2018-01-31,2018-01-01,2018-12-31,0,1,,0,
20180127,2018-01-27,27-01-2018,01-27-2018,01,th,Saturday,6,7,3,3,27,4,4,1,January,2018,Jan-2018,012018,2018-01-01,2018-01-31,2018-01-01,2018-12-31,0,0,,0,
20180128,2018-01-28,28-01-2018,01-28-2018,01,th,Sunday,7,1,4,3,28,4,4,1,January,2018,Jan-2018,012018,2018-01-01,2018-01-31,2018-01-01,2018-12-31,0,0,,0,
20180129,2018-01-29,29-01-2018,01-29-2018,01,th,Monday,1,2,4,4,29,5,5,1,January,2018,Jan-2018,012018,2018-01-01,2018-01-31,2018-01-01,2018-12-31,0,1,,0,
20180130,2018-01-30,30-01-2018,01-30-2018,01,th,Tuesday,2,3,4,4,30,5,5,1,January,2018,Jan-2018,012018,2018-01-01,2018-01-31,2018-01-01,2018-12-31,0,1,,0,
20180131,2018-01-31,31-01-2018,01-31-2018,01,st,Wednesday,3,4,4,4,31,5,5,1,January,2018,Jan-2018,012018,2018-01-01,2018-01-31,2018-01-01,2018-12-31,0,1,,0,
20180201,2018-02-01,01-02-2018,02-01-2018,02,st,Thursday,4,5,0,4,32,1,5,2,February,2018,Feb-2018,022018,2018-02-01,2018-02-28,2018-01-01,2018-12-31,0,1,,0,
20180202,2018-02-02,02-02-2018,02-02-2018,02,nd,Friday,5,6,0,4,33,1,5,2,February,2018,Feb-2018,022018,2018-02-01,2018-02-28,2018-01-01,2018-12-31,0,1,,0,
20180203,2018-02-03,03-02-2018,02-03-2018,02,rd,Saturday,6,7,0,4,34,1,5,2,February,2018,Feb-2018,022018,2018-02-01,2018-02-28,2018-01-01,2018-12-31,0,0,,0,
20180204,2018-02-04,04-02-2018,02-04-2018,02,th,Sunday,7,1,1,4,35,1,5,2,February,2018,Feb-2018,022018,2018-02-01,2018-02-28,2018-01-01,2018-12-31,0,0,,0,
20180205,2018-02-05,05-02-2018,02-05-2018,02,th,Monday,1,2,1,5,36,2,6,2,February,2018,Feb-2018,022018,2018-02-01,2018-02-28,2018-01-01,2018-12-31,0,1,,0,
20180206,2018-02-06,06-02-2018,02-06-2018,02,th,Tuesday,2,3,1,5,37,2,6,2,February,2018,Feb-2018,022018,2018-02-01,2018-02-28,2018-01-01,2018-12-31,0,1,,0,
20180207,2018-02-07,07-02-2018,02-07-2018,02,th,Wednesday,3,4,1,5,38,2,6,2,February,2018,Feb-2018,022018,2018-02-01,2018-02-28,2018-01-01,2018-12-31,0,1,,0,
20180208,2018-02-08,08-02-2018,02-08-2018,02,th,Thursday,4,5,1,5,39,2,6,2,February,2018,Feb-2018,022018,2018-02-01,2018-02-28,2018-01-01,2018-12-31,0,1,,0,
20180209,2018-02-09,09-02-2018,02-09-2018,02,th,Friday,5,6,1,5,40,2,6,2,February,2018,Feb-2018,022018,2018-02-01,2018-02-28,2018-01-01,2018-12-31,0,1,,0,
20180210,2018-02-10,10-02-2018,02-10-2018,02,th,Saturday,6,7,1,5,41,2,6,2,February,2018,Feb-2018,022018,2018-02-01,2018-02-28,2018-01-01,2018-12-31,0,0,,0,
20180211,2018-02-11,11-02-2018,02-11-2018,02,th,Sunday,7,1,2,5,42,2,6,2,February,2018,Feb-2018,022018,2018-02-01,2018-02-28,2018-01-01,2018-12-31,0,0,,0,
20180212,2018-02-12,12-02-2018,02-12-2018,02,th,Monday,1,2,2,6,43,3,7,2,February,2018,Feb-2018,022018,2018-02-01,2018-02-28,2018-01-01,2018-12-31,0,1,,0,
20180213,2018-02-13,13-02-2018,02-13-2018,02,th,Tuesday,2,3,2,6,44,3,7,2,February,2018,Feb-2018,022018,2018-02-01,2018-02-28,2018-01-01,2018-12-31,0,1,,0,
20180214,2018-02-14,14-02-2018,02-14-2018,02,th,Wednesday,3,4,2,6,45,3,7,2,February,2018,Feb-2018,022018,2018-02-01,2018-02-28,2018-01-01,2018-12-31,0,1,,0,
20180215,2018-02-15,15-02-2018,02-15-2018,02,th,Thursday,4,5,2,6,46,3,7,2,February,2018,Feb-2018,022018,2018-02-01,2018-02-28,2018-01-01,2018-12-31,0,1,,0,
20180216,2018-02-16,16-02-2018,02-16-2018,02,th,Friday,5,6,2,6,47,3,7,2,February,2018,Feb-2018,022018,2018-02-01,2018-02-28,2018-01-01,2018-12-31,0,1,,0,
20180217,2018-02-17,17-02-2018,02-17-2018,02,th,Saturday,6,7,2,6,48,3,7,2,February,2018,Feb-2018,022018,2018-02-01,2018-02-28,2018-01-01,2018-12-31,0,0,,0,
20180218,2018-02-18,18-02-2018,02-18-2018,02,th,Sunday,7,1,3,6,49,3,7,2,February,2018,Feb-2018,022018,2018-02-01,2018-02-28,2018-01-01,2018-12-31,0,0,,0,
20180219,2018-02-19,19-02-2018,02-19-2018,02,th,Monday,1,2,3,7,50,4,8,2,February,2018,Feb-2018,022018,2018-02-01,2018-02-28,2018-01-01,2018-12-31,1,1,Washington's Birthday,0,
20180220,2018-02-20,20-02-2018,02-20-2018,02,th,Tuesday,2,3,3,7,51,4,8,2,February,2018,Feb-2018,022018,2018-02-01,2018-02-28,2018-01-01,2018-12-31,0,1,,0,
20180221,2018-02-21,21-02-2018,02-21-2018,02,st,Wednesday,3,4,3,7,52,4,8,2,February,2018,Feb-2018,022018,2018-02-01,2018-02-28,2018-01-01,2018-12-31,0,1,,0,
20180222,2018-02-22,22-02-2018,02-22-2018,02,nd,Thursday,4,5,3,7,53,4,8,2,February,2018,Feb-2018,022018,2018-02-01,2018-02-28,2018-01-01,2018-12-31,0,1,,0,
20180223,2018-02-23,23-02-2018,02-23-2018,02,rd,Friday,5,6,3,7,54,4,8,2,February,2018,Feb-2018,022018,2018-02-01,2018-02-28,2018-01-01,2018-12-31,0,1,,0,
20180224,2018-02-24,24-02-2018,02-24-2018,02,th,Saturday,6,7,3,7,55,4,8,2,February,2018,Feb-2018,022018,2018-02-01,2018-02-28,2018-01-01,2018-12-31,0,0,,0,
20180225,2018-02-25,25-02-2018,02-25-2018,02,th,Sunday,7,1,4,7,56,4,8,2,February,2018,Feb-2018,022018,2018-02-01,2018-02-28,2018-01-01,2018-12-31,0,0,,0,
20180226,2018-02-26,26-02-2018,02-26-2018,02,th,Monday,1,2,4,8,57,5,9,2,February,2018,Feb-2018,022018,2018-02-01,2018-02-28,2018-01-01,2018-12-31,0,1,,0,
20180227,2018-02-27,27-02-2018,02-27-2018,02,th,Tuesday,2,3,4,8,58,5,9,2,February,2018,Feb-2018,022018,2018-02-01,2018-02-28,2018-01-01,2018-12-31,0,1,,0,
20180228,2018-02-28,28-02-2018,02-28-2018,02,th,Wednesday,3,4,4,8,59,5,9,2,February,2018,Feb-2018,022018,2018-02-01,2018-02-28,2018-01-01,2018-12-31,0,1,,0,
20180301,2018-03-01,01-03-2018,03-01-2018,03,st,Thursday,4,5,0,8,60,1,9,3,March,2018,Mar-2018,032018,2018-03-01,2018-03-31,2018-01-01,2018-12-31,0,1,,0,
20180302,2018-03-02,02-03-2018,03-02-2018,03,nd,Friday,5,6,0,8,61,1,9,3,March,2018,Mar-2018,032018,2018-03-01,2018-03-31,2018-01-01,2018-12-31,0,1,,0,
20180303,2018-03-03,03-03-2018,03-03-2018,03,rd,Saturday,6,7,0,8,62,1,9,3,March,2018,Mar-2018,032018,2018-03-01,2018-03-31,2018-01-01,2018-12-31,0,0,,0,
20180304,2018-03-04,04-03-2018,03-04-2018,03,th,Sunday,7,1,1,8,63,1,9,3,March,2018,Mar-2018,032018,2018-03-01,2018-03-31,2018-01-01,2018-12-31,0,0,,0,
20180305,2018-03-05,05-03-2018,03-05-2018,03,th,Monday,1,2,1,9,64,2,10,3,March,2018,Mar-2018,032018,2018-03-01,2018-03-31,2018-01-01,2018-12-31,0,1,,0,
20180306,2018-03-06,06-03-2018,03-06-2018,03,th,Tuesday,2,3,1,9,65,2,10,3,March,2018,Mar-2018,032018,2018-03-01,2018-03-31,2018-01-01,2018-12-31,0,1,,0,
20180307,2018-03-07,07-03-2018,03-07-2018,03,th,Wednesday,3,4,1,9,66,2,10,3,March,2018,Mar-2018,032018,2018-03-01,2018-03-31,2018-01-01,2018-12-31,0,1,,0,
20180308,2018-03-08,08-03-2018,03-08-2018,03,th,Thursday,4,5,1,9,67,2,10,3,March,2018,Mar-2018,032018,2018-03-01,2018-03-31,2018-01-01,2018-12-31,0,1,,0,
20180309,2018-03-09,09-03-2018,03-09-2018,03,th,Friday,5,6,1,9,68,2,10,3,March,2018,Mar-2018,032018,2018-03-01,2018-03-31,2018-01-01,2018-12-31,0,1,,0,
20180310,2018-03-10,10-03-2018,03-10-2018,03,th,Saturday,6,7,1,9,69,2,10,3,March,2018,Mar-2018,032018,2018-03-01,2018-03-31,2018-01-01,2018-12-31,0,0,,0,
20180311,2018-03-11,11-03-2018,03-11-2018,03,th,Sunday,7,1,2,9,70,2,10,3,March,2018,Mar-2018,032018,2018-03-01,2018-03-31,2018-01-01,2018-12-31,0,0,,0,
20180312,2018-03-12,12-03-2018,03-12-2018,03,th,Monday,1,2,2,10,71,3,11,3,March,2018,Mar-2018,032018,2018-03-01,2018-03-31,2018-01-01,2018-12-31,0,1,,0,
20180313,2018-03-13,13-03-2018,03-13-2018,03,th,Tuesday,2,3,2,10,72,3,11,3,March,2018,Mar-2018,032018,2018-03-01,2018-03-31,2018-01-01,2018-12-31,0,1,,0,
20180314,2018-03-14,14-03-2018,03-14-2018,03,th,Wednesday,3,4,2,10,73,3,11,3,March,2018,Mar-2018,032018,2018-03-01,2018-03-31,2018-01-01,2018-12-31,0,1,,0,
20180315,2018-03-15,15-03-2018,03-15-2018,03,th,Thursday,4,5,2,10,74,3,11,3,March,2018,Mar-2018,032018,2018-03-01,2018-03-31,2018-01-01,2018-12-31,0,1,,0,
20180316,2018-03-16,16-03-2018,03-16-2018,03,th,Friday,5,6,2,10,75,3,11,3,March,2018,Mar-2018,032018,2018-03-01,2018-03-31,2018-01-01,2018-12-31,0,1,,0,
20180317,2018-03-17,17-03-2018,03-17-2018,03,th,Saturday,6,7,2,10,76,3,11,3,March,2018,Mar-2018,032018,2018-03-01,2018-03-31,2018-01-01,2018-12-31,0,0,,1,St. Patrick's Day [Northern Ireland]
20180318,2018-03-18,18-03-2018,03-18-2018,03,th,Sunday,7,1,3,10,77,3,11,3,March,2018,Mar-2018,032018,2018-03-01,2018-03-31,2018-01-01,2018-12-31,0,0,,0,
20180319,2018-03-19,19-03-2018,03-19-2018,03,th,Monday,1,2,3,11,78,4,12,3,March,2018,Mar-2018,032018,2018-03-01,2018-03-31,2018-01-01,2018-12-31,0,1,,1,St. Patrick's Day [Northern Ireland] (Observed)
20180320,2018-03-20,20-03-2018,03-20-2018,03,th,Tuesday,2,3,3,11,79,4,12,3,March,2018,Mar-2018,032018,2018-03-01,2018-03-31,2018-01-01,2018-12-31,0,1,,0,
20180321,2018-03-21,21-03-2018,03-21-2018,03,st,Wednesday,3,4,3,11,80,4,12,3,March,2018,Mar-2018,032018,2018-03-01,2018-03-31,2018-01-01,2018-12-31,0,1,,0,
20180322,2018-03-22,22-03-2018,03-22-2018,03,nd,Thursday,4,5,3,11,81,4,12,3,March,2018,Mar-2018,032018,2018-03-01,2018-03-31,2018-01-01,2018-12-31,0,1,,0,
20180323,2018-03-23,23-03-2018,03-23-2018,03,rd,Friday,5,6,3,11,82,4,12,3,March,2018,Mar-2018,032018,2018-03-01,2018-03-31,2018-01-01,2018-12-31,0,1,,0,
20180324,2018-03-24,24-03-2018,03-24-2018,03,th,Saturday,6,7,3,11,83,4,12,3,March,2018,Mar-2018,032018,2018-03-01,2018-03-31,2018-01-01,2018-12-31,0,0,,0,
20180325,2018-03-25,25-03-2018,03-25-2018,03,th,Sunday,7,1,4,11,84,4,12,3,March,2018,Mar-2018,032018,2018-03-01,2018-03-31,2018-01-01,2018-12-31,0,0,,0,
20180326,2018-03-26,26-03-2018,03-26-2018,03,th,Monday,1,2,4,12,85,5,13,3,March,2018,Mar-2018,032018,2018-03-01,2018-03-31,2018-01-01,2018-12-31,0,1,,0,
20180327,2018-03-27,27-03-2018,03-27-2018,03,th,Tuesday,2,3,4,12,86,5,13,3,March,2018,Mar-2018,032018,2018-03-01,2018-03-31,2018-01-01,2018-12-31,0,1,,0,
20180328,2018-03-28,28-03-2018,03-28-2018,03,th,Wednesday,3,4,4,12,87,5,13,3,March,2018,Mar-2018,032018,2018-03-01,2018-03-31,2018-01-01,2018-12-31,0,1,,0,
20180329,2018-03-29,29-03-2018,03-29-2018,03,th,Thursday,4,5,4,12,88,5,13,3,March,2018,Mar-2018,032018,2018-03-01,2018-03-31,2018-01-01,2018-12-31,0,1,,0,
20180330,2018-03-30,30-03-2018,03-30-2018,03,th,Friday,5,6,4,12,89,5,13,3,March,2018,Mar-2018,032018,2018-03-01,2018-03-31,2018-01-01,2018-12-31,0,1,,1,Good Friday
20180331,2018-03-31,31-03-2018,03-31-2018,03,st,Saturday,6,7,4,12,90,5,13,3,March,2018,Mar-2018,032018,2018-03-01,2018-03-31,2018-01-01,2018-12-31,0,0,,0,
20180401,2018-04-01,01-04-2018,04-01-2018,04,st,Sunday,7,1,1,12,91,1,13,4,April,2018,Apr-2018,042018,2018-04-01,2018-04-30,2018-01-01,2018-12-31,0,0,,0,
20180402,2018-04-02,02-04-2018,04-02-2018,04,nd,Monday,1,2,1,13,92,2,14,4,April,2018,Apr-2018,042018,2018-04-01,2018-04-30,2018-01-01,2018-12-31,0,1,,1,"Easter Monday [England, Wales, Northern Ireland]"
20180403,2018-04-03,03-04-2018,04-03-2018,04,rd,Tuesday,2,3,1,13,93,2,14,4,April,2018,Apr-2018,042018,2018-04-01,2018-04-30,2018-01-01,2018-12-31,0,1,,0,
20180404,2018-04-04,04-04-2018,04-04-2018,04,th,Wednesday,3,4,1,13,94,2,14,4,April,2018,Apr-2018,042018,2018-04-01,2018-04-30,2018-01-01,2018-12-31,0,1,,0,
20180405,2018-04-05,05-04-2018,04-05-2018,04,th,Thursday,4,5,1,13,95,2,14,4,April,2018,Apr-2018,042018,2018-04-01,2018-04-30,2018-01-01,2018-12-31,0,1,,0,
20180406,2018-04-06,06-04-2018,04-06-2018,04,th,Friday,5,6,1,13,96,2,14,4,April,2018,Apr-2018,042018,2018-04-01,2018-04-30,2018-01-01,2018-12-31,0,1,,0,
20180407,2018-04-07,07-04-2018,04-07-2018,04,th,Saturday,6,7,1,13,97,2,14,4,April,2018,Apr-2018,042018,2018-04-01,2018-04-30,2018-01-01,2018-12-31,0,0,,0,
20180408,2018-04-08,08-04-2018,04-08-2018,04,th,Sunday,7,1,2,13,98,2,14,4,April,2018,Apr-2018,042018,2018-04-01,2018-04-30,2018-01-01,2018-12-31,0,0,,0,
20180409,2018-04-09,09-04-2018,04-09-2018,04,th,Monday,1,2,2,14,99,3,15,4,April,2018,Apr-2018,042018,2018-04-01,2018-04-30,2018-01-01,2018-12-31,0,1,,0,
20180410,2018-04-10,10-04-2018,04-10-2018,04,th,Tuesday,2,3,2,14,100,3,15,4,April,2018,Apr-2018,042018,2018-04-01,2018-04-30,2018-01-01,2018-12-31,0,1,,0,
20180411,2018-04-11,11-04-2018,04-11-2018,04,th,Wednesday,3,4,2,14,101,3,15,4,April,2018,Apr-2018,042018,2018-04-01,2018-04-30,2018-01-01,2018-12-31,0,1,,0,
20180412,2018-04-12,12-04-2018,04-12-2018,04,th,Thursday,4,5,2,14,102,3,15,4,April,2018,Apr-2018,042018,2018-04-01,2018-04-30,2018-01-01,2018-12-31,0,1,,0,
20180413,2018-04-13,13-04-2018,04-13-2018,04,th,Friday,5,6,2,14,103,3,15,4,April,2018,Apr-2018,042018,2018-04-01,2018-04-30,2018-01-01,2018-12-31,0,1,,0,
20180414,2018-04-14,14-04-2018,04-14-2018,04,th,Saturday,6,7,2,14,104,3,15,4,April,2018,Apr-2018,042018,2018-04-01,2018-04-30,2018-01-01,2018-12-31,0,0,,0,
20180415,2018-04-15,15-04-2018,04-15-2018,04,th,Sunday,7,1,3,14,105,3,15,4,April,2018,Apr-2018,042018,2018-04-01,2018-04-30,2018-01-01,2018-12-31,0,0,,0,
20180416,2018-04-16,16-04-2018,04-16-2018,04,th,Monday,1,2,3,15,106,4,16,4,April,2018,Apr-2018,042018,2018-04-01,2018-04-30,2018-01-01,2018-12-31,0,1,,0,
20180417,2018-04-17,17-04-2018,04-17-2018,04,th,Tuesday,2,3,3,15,107,4,16,4,April,2018,Apr-2018,042018,2018-04-01,2018-04-30,2018-01-01,2018-12-31,0,1,,0,
20180418,2018-04-18,18-04-2018,04-18-2018,04,th,Wednesday,3,4,3,15,108,4,16,4,April,2018,Apr-2018,042018,2018-04-01,2018-04-30,2018-01-01,2018-12-31,0,1,,0,
20180419,2018-04-19,19-04-2018,04-19-2018,04,th,Thursday,4,5,3,15,109,4,16,4,April,2018,Apr-2018,042018,2018-04-01,2018-04-30,2018-01-01,2018-12-31,0,1,,0,
20180420,2018-04-20,20-04-2018,04-20-2018,04,th,Friday,5,6,3,15,110,4,16,4,April,2018,Apr-2018,042018,2018-04-01,2018-04-30,2018-01-01,2018-12-31,0,1,,0,
20180421,2018-04-21,21-04-2018,04-21-2018,04,st,Saturday,6,7,3,15,111,4,16,4,April,2018,Apr-2018,042018,2018-04-01,2018-04-30,2018-01-01,2018-12-31,0,0,,0,
20180422,2018-04-22,22-04-2018,04-22-2018,04,nd,Sunday,7,1,4,15,112,4,16,4,April,2018,Apr-2018,042018,2018-04-01,2018-04-30,2018-01-01,2018-12-31,0,0,,0,
20180423,2018-04-23,23-04-2018,04-23-2018,04,rd,Monday,1,2,4,16,113,5,17,4,April,2018,Apr-2018,042018,2018-04-01,2018-04-30,2018-01-01,2018-12-31,0,1,,0,
20180424,2018-04-24,24-04-2018,04-24-2018,04,th,Tuesday,2,3,4,16,114,5,17,4,April,2018,Apr-2018,042018,2018-04-01,2018-04-30,2018-01-01,2018-12-31,0,1,,0,
20180425,2018-04-25,25-04-2018,04-25-2018,04,th,Wednesday,3,4,4,16,115,5,17,4,April,2018,Apr-2018,042018,2018-04-01,2018-04-30,2018-01-01,2018-12-31,0,1,,0,
20180426,2018-04-26,26-04-2018,04-26-2018,04,th,Thursday,4,5,4,16,116,5,17,4,April,2018,Apr-2018,042018,2018-04-01,2018-04-30,2018-01-01,2018-12-31,0,1,,0,
20180427,2018-04-27,27-04-2018,04-27-2018,04,th,Friday,5,6,4,16,117,5,17,4,April,2018,Apr-2018,042018,2018-04-01,2018-04-30,2018-01-01,2018-12-31,0,1,,0,
20180428,2018-04-28,28-04-2018,04-28-2018,04,th,Saturday,6,7,4,16,118,5,17,4,April,2018,Apr-2018,042018,2018-04-01,2018-04-30,2018-01-01,2018-12-31,0,0,,0,
20180429,2018-04-29,29-04-2018,04-29-2018,04,th,Sunday,7,1,5,16,119,5,17,4,April,2018,Apr-2018,042018,2018-04-01,2018-04-30,2018-01-01,2018-12-31,0,0,,0,
20180430,2018-04-30,30-04-2018,04-30-2018,04,th,Monday,1,2,5,17,120,6,18,4,April,2018,Apr-2018,042018,2018-04-01,2018-04-30,2018-01-01,2018-12-31,0,1,,0,
20180501,2018-05-01,01-05-2018,05-01-2018,05,st,Tuesday,2,3,0,17,121,1,18,5,May,2018,May-2018,052018,2018-05-01,2018-05-31,2018-01-01,2018-12-31,0,1,,0,
20180502,2018-05-02,02-05-2018,05-02-2018,05,nd,Wednesday,3,4,0,17,122,1,18,5,May,2018,May-2018,052018,2018-05-01,2018-05-31,2018-01-01,2018-12-31,0,1,,0,
20180503,2018-05-03,03-05-2018,05-03-2018,05,rd,Thursday,4,5,0,17,123,1,18,5,May,2018,May-2018,052018,2018-05-01,2018-05-31,2018-01-01,2018-12-31,0,1,,0,
20180504,2018-05-04,04-05-2018,05-04-2018,05,th,Friday,5,6,0,17,124,1,18,5,May,2018,May-2018,052018,2018-05-01,2018-05-31,2018-01-01,2018-12-31,0,1,,0,
20180505,2018-05-05,05-05-2018,05-05-2018,05,th,Saturday,6,7,0,17,125,1,18,5,May,2018,May-2018,052018,2018-05-01,2018-05-31,2018-01-01,2018-12-31,0,0,,0,
20180506,2018-05-06,06-05-2018,05-06-2018,05,th,Sunday,7,1,1,17,126,1,18,5,May,2018,May-2018,052018,2018-05-01,2018-05-31,2018-01-01,2018-12-31,0,0,,0,
20180507,2018-05-07,07-05-2018,05-07-2018,05,th,Monday,1,2,1,18,127,2,19,5,May,2018,May-2018,052018,2018-05-01,2018-05-31,2018-01-01,2018-12-31,0,1,,1,May Day
20180508,2018-05-08,08-05-2018,05-08-2018,05,th,Tuesday,2,3,1,18,128,2,19,5,May,2018,May-2018,052018,2018-05-01,2018-05-31,2018-01-01,2018-12-31,0,1,,0,
20180509,2018-05-09,09-05-2018,05-09-2018,05,th,Wednesday,3,4,1,18,129,2,19,5,May,2018,May-2018,052018,2018-05-01,2018-05-31,2018-01-01,2018-12-31,0,1,,0,
20180510,2018-05-10,10-05-2018,05-10-2018,05,th,Thursday,4,5,1,18,130,2,19,5,May,2018,May-2018,052018,2018-05-01,2018-05-31,2018-01-01,2018-12-31,0,1,,0,
20180511,2018-05-11,11-05-2018,05-11-2018,05,th,Friday,5,6,1,18,131,2,19,5,May,2018,May-2018,052018,2018-05-01,2018-05-31,2018-01-01,2018-12-31,0,1,,0,
20180512,2018-05-12,12-05-2018,05-12-2018,05,th,Saturday,6,7,1,18,132,2,19,5,May,2018,May-2018,052018,2018-05-01,2018-05-31,2018-01-01,2018-12-31,0,0,,0,
20180513,2018-05-13,13-05-2018,05-13-2018,05,th,Sunday,7,1,2,18,133,2,19,5,May,2018,May-2018,052018,2018-05-01,2018-05-31,2018-01-01,2018-12-31,0,0,,0,
20180514,2018-05-14,14-05-2018,05-14-2018,05,th,Monday,1,2,2,19,134,3,20,5,May,2018,May-2018,052018,2018-05-01,2018-05-31,2018-01-01,2018-12-31,0,1,,0,
20180515,2018-05-15,15-05-2018,05-15-2018,05,th,Tuesday,2,3,2,19,135,3,20,5,May,2018,May-2018,052018,2018-05-01,2018-05-31,2018-01-01,2018-12-31,0,1,,0,
20180516,2018-05-16,16-05-2018,05-16-2018,05,th,Wednesday,3,4,2,19,136,3,20,5,May,2018,May-2018,052018,2018-05-01,2018-05-31,2018-01-01,2018-12-31,0,1,,0,
20180517,2018-05-17,17-05-2018,05-17-2018,05,th,Thursday,4,5,2,19,137,3,20,5,May,2018,May-2018,052018,2018-05-01,2018-05-31,2018-01-01,2018-12-31,0,1,,0,
20180518,2018-05-18,18-05-2018,05-18-2018,05,th,Friday,5,6,2,19,138,3,20,5,May,2018,May-2018,052018,2018-05-01,2018-05-31,2018-01-01,2018-12-31,0,1,,0,
20180519,2018-05-19,19-05-2018,05-19-2018,05,th,Saturday,6,7,2,19,139,3,20,5,May,2018,May-2018,052018,2018-05-01,2018-05-31,2018-01-01,2018-12-31,0,0,,0,
20180520,2018-05-20,20-05-2018,05-20-2018,05,th,Sunday,7,1,3,19,140,3,20,5,May,2018,May-2018,052018,2018-05-01,2018-05-31,2018-01-01,2018-12-31,0,0,,0,
20180521,2018-05-21,21-05-2018,05-21-2018,05,st,Monday,1,2,3,20,141,4,21,5,May,2018,May-2018,052018,2018-05-01,2018-05-31,2018-01-01,2018-12-31,0,1,,0,
20180522,2018-05-22,22-05-2018,05-22-2018,05,nd,Tuesday,2,3,3,20,142,4,21,5,May,2018,May-2018,052018,2018-05-01,2018-05-31,2018-01-01,2018-12-31,0,1,,0,
20180523,2018-05-23,23-05-2018,05-23-2018,05,rd,Wednesday,3,4,3,20,143,4,21,5,May,2018,May-2018,052018,2018-05-01,2018-05-31,2018-01-01,2018-12-31,0,1,,0,
20180524,2018-05-24,24-05-2018,05-24-2018,05,th,Thursday,4,5,3,20,144,4,21,5,May,2018,May-2018,052018,2018-05-01,2018-05-31,2018-01-01,2018-12-31,0,1,,0,
20180525,2018-05-25,25-05-2018,05-25-2018,05,th,Friday,5,6,3,20,145,4,21,5,May,2018,May-2018,052018,2018-05-01,2018-05-31,2018-01-01,2018-12-31,0,1,,0,
20180526,2018-05-26,26-05-2018,05-26-2018,05,th,Saturday,6,7,3,20,146,4,21,5,May,2018,May-2018,052018,2018-05-01,2018-05-31,2018-01-01,2018-12-31,0,0,,0,
20180527,2018-05-27,27-05-2018,05-27-2018,05,th,Sunday,7,1,4,20,147,4,21,5,May,2018,May-2018,052018,2018-05-01,2018-05-31,2018-01-01,2018-12-31,0,0,,0,
20180528,2018-05-28,28-05-2018,05-28-2018,05,th,Monday,1,2,4,21,148,5,22,5,May,2018,May-2018,052018,2018-05-01,2018-05-31,2018-01-01,2018-12-31,1,1,Memorial Day,1,Spring Bank Holiday
20180529,2018-05-29,29-05-2018,05-29-2018,05,th,Tuesday,2,3,4,21,149,5,22,5,May,2018,May-2018,052018,2018-05-01,2018-05-31,2018-01-01,2018-12-31,0,1,,0,
20180530,2018-05-30,30-05-2018,05-30-2018,05,th,Wednesday,3,4,4,21,150,5,22,5,May,2018,May-2018,052018,2018-05-01,2018-05-31,2018-01-01,2018-12-31,0,1,,0,
20180531,2018-05-31,31-05-2018,05-31-2018,05,st,Thursday,4,5,4,21,151,5,22,5,May,2018,May-2018,052018,2018-05-01,2018-05-31,2018-01-01,2018-12-31,0,1,,0,
20180601,2018-06-01,01-06-2018,06-01-2018,06,st,Friday,5,6,0,21,152,1,22,6,June,2018,Jun-2018,062018,2018-06-01,2018-06-30,2018-01-01,2018-12-31,0,1,,0,
20180602,2018-06-02,02-06-2018,06-02-2018,06,nd,Saturday,6,7,0,21,153,1,22,6,June,2018,Jun-2018,062018,2018-06-01,2018-06-30,2018-01-01,2018-12-31,0,0,,0,
20180603,2018-06-03,03-06-2018,06-03-2018,06,rd,Sunday,7,1,1,21,154,1,22,6,June,2018,Jun-2018,062018,2018-06-01,2018-06-30,2018-01-01,2018-12-31,0,0,,0,
20180604,2018-06-04,04-06-2018,06-04-2018,06,th,Monday,1,2,1,22,155,2,23,6,June,2018,Jun-2018,062018,2018-06-01,2018-06-30,2018-01-01,2018-12-31,0,1,,0,
20180605,2018-06-05,05-06-2018,06-05-2018,06,th,Tuesday,2,3,1,22,156,2,23,6,June,2018,Jun-2018,062018,2018-06-01,2018-06-30,2018-01-01,2018-12-31,0,1,,0,
20180606,2018-06-06,06-06-2018,06-06-2018,06,th,Wednesday,3,4,1,22,157,2,23,6,June,2018,Jun-2018,062018,2018-06-01,2018-06-30,2018-01-01,2018-12-31,0,1,,0,
20180607,2018-06-07,07-06-2018,06-07-2018,06,th,Thursday,4,5,1,22,158,2,23,6,June,2018,Jun-2018,062018,2018-06-01,2018-06-30,2018-01-01,2018-12-31,0,1,,0,
20180608,2018-06-08,08-06-2018,06-08-2018,06,th,Friday,5,6,1,22,159,2,23,6,June,2018,Jun-2018,062018,2018-06-01,2018-06-30,2018-01-01,2018-12-31,0,1,,0,
20180609,2018-06-09,09-06-2018,06-09-2018,06,th,Saturday,6,7,1,22,160,2,23,6,June,2018,Jun-2018,062018,2018-06-01,2018-06-30,2018-01-01,2018-12-31,0,0,,0,
20180610,2018-06-10,10-06-2018,06-10-2018,06,th,Sunday,7,1,2,22,161,2,23,6,June,2018,Jun-2018,062018,2018-06-01,2018-06-30,2018-01-01,2018-12-31,0,0,,0,
20180611,2018-06-11,11-06-2018,06-11-2018,06,th,Monday,1,2,2,23,162,3,24,6,June,2018,Jun-2018,062018,2018-06-01,2018-06-30,2018-01-01,2018-12-31,0,1,,0,
20180612,2018-06-12,12-06-2018,06-12-2018,06,th,Tuesday,2,3,2,23,163,3,24,6,June,2018,Jun-2018,062018,2018-06-01,2018-06-30,2018-01-01,2018-12-31,0,1,,0,
20180613,2018-06-13,13-06-2018,06-13-2018,06,th,Wednesday,3,4,2,23,164,3,24,6,June,2018,Jun-2018,062018,2018-06-01,2018-06-30,2018-01-01,2018-12-31,0,1,,0,
20180614,2018-06-14,14-06-2018,06-14-2018,06,th,Thursday,4,5,2,23,165,3,24,6,June,2018,Jun-2018,062018,2018-06-01,2018-06-30,2018-01-01,2018-12-31,0,1,,0,
20180615,2018-06-15,15-06-2018,06-15-2018,06,th,Friday,5,6,2,23,166,3,24,6,June,2018,Jun-2018,062018,2018-06-01,2018-06-30,2018-01-01,2018-12-31,0,1,,0,
20180616,2018-06-16,16-06-2018,06-16-2018,06,th,Saturday,6,7,2,23,167,3,24,6,June,2018,Jun-2018,062018,2018-06-01,2018-06-30,2018-01-01,2018-12-31,0,0,,0,
20180617,2018-06-17,17-06-2018,06-17-2018,06,th,Sunday,7,1,3,23,168,3,24,6,June,2018,Jun-2018,062018,2018-06-01,2018-06-30,2018-01-01,2018-12-31,0,0,,0,
20180618,2018-06-18,18-06-2018,06-18-2018,06,th,Monday,1,2,3,24,169,4,25,6,June,2018,Jun-2018,062018,2018-06-01,2018-06-30,2018-01-01,2018-12-31,0,1,,0,
20180619,2018-06-19,19-06-2018,06-19-2018,06,th,Tuesday,2,3,3,24,170,4,25,6,June,2018,Jun-2018,062018,2018-06-01,2018-06-30,2018-01-01,2018-12-31,0,1,,0,
20180620,2018-06-20,20-06-2018,06-20-2018,06,th,Wednesday,3,4,3,24,171,4,25,6,June,2018,Jun-2018,062018,2018-06-01,2018-06-30,2018-01-01,2018-12-31,0,1,,0,
20180621,2018-06-21,21-06-2018,06-21-2018,06,st,Thursday,4,5,3,24,172,4,25,6,June,2018,Jun-2018,062018,2018-06-01,2018-06-30,2018-01-01,2018-12-31,0,1,,0,
20180622,2018-06-22,22-06-2018,06-22-2018,06,nd,Friday,5,6,3,24,173,4,25,6,June,2018,Jun-2018,062018,2018-06-01,2018-06-30,2018-01-01,2018-12-31,0,1,,0,
20180623,2018-06-23,23-06-2018,06-23-2018,06,rd,Saturday,6,7,3,24,174,4,25,6,June,2018,Jun-2018,062018,2018-06-01,2018-06-30,2018-01-01,2018-12-31,0,0,,0,
20180624,2018-06-24,24-06-2018,06-24-2018,06,th,Sunday,7,1,4,24,175,4,25,6,June,2018,Jun-2018,062018,2018-06-01,2018-06-30,2018-01-01,2018-12-31,0,0,,0,
20180625,2018-06-25,25-06-2018,06-25-2018,06,th,Monday,1,2,4,25,176,5,26,6,June,2018,Jun-2018,062018,2018-06-01,2018-06-30,2018-01-01,2018-12-31,0,1,,0,
20180626,2018-06-26,26-06-2018,06-26-2018,06,th,Tuesday,2,3,4,25,177,5,26,6,June,2018,Jun-2018,062018,2018-06-01,2018-06-30,2018-01-01,2018-12-31,0,1,,0,
20180627,2018-06-27,27-06-2018,06-27-2018,06,th,Wednesday,3,4,4,25,178,5,26,6,June,2018,Jun-2018,062018,2018-06-01,2018-06-30,2018-01-01,2018-12-31,0,1,,0,
20180628,2018-06-28,28-06-2018,06-28-2018,06,th,Thursday,4,5,4,25,179,5,26,6,June,2018,Jun-2018,062018,2018-06-01,2018-06-30,2018-01-01,2018-12-31,0,1,,0,
20180629,2018-06-29,29-06-2018,06-29-2018,06,th,Friday,5,6,4,25,180,5,26,6,June,2018,Jun-2018,062018,2018-06-01,2018-06-30,2018-01-01,2018-12-31,0,1,,0,
20180630,2018-06-30,30-06-2018,06-30-2018,06,th,Saturday,6,7,4,25,181,5,26,6,June,2018,Jun-2018,062018,2018-06-01,2018-06-30,2018-01-01,2018-12-31,0,0,,0,
20180701,2018-07-01,01-07-2018,07-01-2018,07,st,Sunday,7,1,1,25,182,1,26,7,July,2018,Jul-2018,072018,2018-07-01,2018-07-31,2018-01-01,2018-12-31,0,0,,0,
20180702,2018-07-02,02-07-2018,07-02-2018,07,nd,Monday,1,2,1,26,183,2,27,7,July,2018,Jul-2018,072018,2018-07-01,2018-07-31,2018-01-01,2018-12-31,0,1,,0,
20180703,2018-07-03,03-07-2018,07-03-2018,07,rd,Tuesday,2,3,1,26,184,2,27,7,July,2018,Jul-2018,072018,2018-07-01,2018-07-31,2018-01-01,2018-12-31,0,1,,0,
20180704,2018-07-04,04-07-2018,07-04-2018,07,th,Wednesday,3,4,1,26,185,2,27,7,July,2018,Jul-2018,072018,2018-07-01,2018-07-31,2018-01-01,2018-12-31,1,1,Independence Day,0,
20180705,2018-07-05,05-07-2018,07-05-2018,07,th,Thursday,4,5,1,26,186,2,27,7,July,2018,Jul-2018,072018,2018-07-01,2018-07-31,2018-01-01,2018-12-31,0,1,,0,
20180706,2018-07-06,06-07-2018,07-06-2018,07,th,Friday,5,6,1,26,187,2,27,7,July,2018,Jul-2018,072018,2018-07-01,2018-07-31,2018-01-01,2018-12-31,0,1,,0,
20180707,2018-07-07,07-07-2018,07-07-2018,07,th,Saturday,6,7,1,26,188,2,27,7,July,2018,Jul-2018,072018,2018-07-01,2018-07-31,2018-01-01,2018-12-31,0,0,,0,
20180708,2018-07-08,08-07-2018,07-08-2018,07,th,Sunday,7,1,2,26,189,2,27,7,July,2018,Jul-2018,072018,2018-07-01,2018-07-31,2018-01-01,2018-12-31,0,0,,0,
20180709,2018-07-09,09-07-2018,07-09-2018,07,th,Monday,1,2,2,27,190,3,28,7,July,2018,Jul-2018,072018,2018-07-01,2018-07-31,2018-01-01,2018-12-31,0,1,,0,
20180710,2018-07-10,10-07-2018,07-10-2018,07,th,Tuesday,2,3,2,27,191,3,28,7,July,2018,Jul-2018,072018,2018-07-01,2018-07-31,2018-01-01,2018-12-31,0,1,,0,
20180711,2018-07-11,11-07-2018,07-11-2018,07,th,Wednesday,3,4,2,27,192,3,28,7,July,2018,Jul-2018,072018,2018-07-01,2018-07-31,2018-01-01,2018-12-31,0,1,,0,
20180712,2018-07-12,12-07-2018,07-12-2018,07,th,Thursday,4,5,2,27,193,3,28,7,July,2018,Jul-2018,072018,2018-07-01,2018-07-31,2018-01-01,2018-12-31,0,1,,1,Battle of the Boyne [Northern Ireland]
20180713,2018-07-13,13-07-2018,07-13-2018,07,th,Friday,5,6,2,27,194,3,28,7,July,2018,Jul-2018,072018,2018-07-01,2018-07-31,2018-01-01,2018-12-31,0,1,,0,
20180714,2018-07-14,14-07-2018,07-14-2018,07,th,Saturday,6,7,2,27,195,3,28,7,July,2018,Jul-2018,072018,2018-07-01,2018-07-31,2018-01-01,2018-12-31,0,0,,0,
20180715,2018-07-15,15-07-2018,07-15-2018,07,th,Sunday,7,1,3,27,196,3,28,7,July,2018,Jul-2018,072018,2018-07-01,2018-07-31,2018-01-01,2018-12-31,0,0,,0,
20180716,2018-07-16,16-07-2018,07-16-2018,07,th,Monday,1,2,3,28,197,4,29,7,July,2018,Jul-2018,072018,2018-07-01,2018-07-31,2018-01-01,2018-12-31,0,1,,0,
20180717,2018-07-17,17-07-2018,07-17-2018,07,th,Tuesday,2,3,3,28,198,4,29,7,July,2018,Jul-2018,072018,2018-07-01,2018-07-31,2018-01-01,2018-12-31,0,1,,0,
20180718,2018-07-18,18-07-2018,07-18-2018,07,th,Wednesday,3,4,3,28,199,4,29,7,July,2018,Jul-2018,072018,2018-07-01,2018-07-31,2018-01-01,2018-12-31,0,1,,0,
20180719,2018-07-19,19-07-2018,07-19-2018,07,th,Thursday,4,5,3,28,200,4,29,7,July,2018,Jul-2018,072018,2018-07-01,2018-07-31,2018-01-01,2018-12-31,0,1,,0,
20180720,2018-07-20,20-07-2018,07-20-2018,07,th,Friday,5,6,3,28,201,4,29,7,July,2018,Jul-2018,072018,2018-07-01,2018-07-31,2018-01-01,2018-12-31,0,1,,0,
20180721,2018-07-21,21-07-2018,07-21-2018,07,st,Saturday,6,7,3,28,202,4,29,7,July,2018,Jul-2018,072018,2018-07-01,2018-07-31,2018-01-01,2018-12-31,0,0,,0,
20180722,2018-07-22,22-07-2018,07-22-2018,07,nd,Sunday,7,1,4,28,203,4,29,7,July,2018,Jul-2018,072018,2018-07-01,2018-07-31,2018-01-01,2018-12-31,0,0,,0,
20180723,2018-07-23,23-07-2018,07-23-2018,07,rd,Monday,1,2,4,29,204,5,30,7,July,2018,Jul-2018,072018,2018-07-01,2018-07-31,2018-01-01,2018-12-31,0,1,,0,
20180724,2018-07-24,24-07-2018,07-24-2018,07,th,Tuesday,2,3,4,29,205,5,30,7,July,2018,Jul-2018,072018,2018-07-01,2018-07-31,2018-01-01,2018-12-31,0,1,,0,
20180725,2018-07-25,25-07-2018,07-25-2018,07,th,Wednesday,3,4,4,29,206,5,30,7,July,2018,Jul-2018,072018,2018-07-01,2018-07-31,2018-01-01,2018-12-31,0,1,,0,
20180726,2018-07-26,26-07-2018,07-26-2018,07,th,Thursday,4,5,4,29,207,5,30,7,July,2018,Jul-2018,072018,2018-07-01,2018-07-31,2018-01-01,2018-12-31,0,1,,0,
20180727,2018-07-27,27-07-2018,07-27-2018,07,th,Friday,5,6,4,29,208,5,30,7,July,2018,Jul-2018,072018,2018-07-01,2018-07-31,2018-01-01,2018-12-31,0,1,,0,
20180728,2018-07-28,28-07-2018,07-28-2018,07,th,Saturday,6,7,4,29,209,5,30,7,July,2018,Jul-2018,072018,2018-07-01,2018-07-31,2018-01-01,2018-12-31,0,0,,0,
20180729,2018-07-29,29-07-2018,07-29-2018,07,th,Sunday,7,1,5,29,210,5,30,7,July,2018,Jul-2018,072018,2018-07-01,2018-07-31,2018-01-01,2018-12-31,0,0,,0,
20180730,2018-07-30,30-07-2018,07-30-2018,07,th,Monday,1,2,5,30,211,6,31,7,July,2018,Jul-2018,072018,2018-07-01,2018-07-31,2018-01-01,2018-12-31,0,1,,0,
20180731,2018-07-31,31-07-2018,07-31-2018,07,st,Tuesday,2,3,5,30,212,6,31,7,July,2018,Jul-2018,072018,2018-07-01,2018-07-31,2018-01-01,2018-12-31,0,1,,0,
20180801,2018-08-01,01-08-2018,08-01-2018,08,st,Wednesday,3,4,0,30,213,1,31,8,August,2018,Aug-2018,082018,2018-08-01,2018-08-31,2018-01-01,2018-12-31,0,1,,0,
20180802,2018-08-02,02-08-2018,08-02-2018,08,nd,Thursday,4,5,0,30,214,1,31,8,August,2018,Aug-2018,082018,2018-08-01,2018-08-31,2018-01-01,2018-12-31,0,1,,0,
20180803,2018-08-03,03-08-2018,08-03-2018,08,rd,Friday,5,6,0,30,215,1,31,8,August,2018,Aug-2018,082018,2018-08-01,2018-08-31,2018-01-01,2018-12-31,0,1,,0,
20180804,2018-08-04,04-08-2018,08-04-2018,08,th,Saturday,6,7,0,30,216,1,31,8,August,2018,Aug-2018,082018,2018-08-01,2018-08-31,2018-01-01,2018-12-31,0,0,,0,
20180805,2018-08-05,05-08-2018,08-05-2018,08,th,Sunday,7,1,1,30,217,1,31,8,August,2018,Aug-2018,082018,2018-08-01,2018-08-31,2018-01-01,2018-12-31,0,0,,0,
20180806,2018-08-06,06-08-2018,08-06-2018,08,th,Monday,1,2,1,31,218,2,32,8,August,2018,Aug-2018,082018,2018-08-01,2018-08-31,2018-01-01,2018-12-31,0,1,,1,Summer Bank Holiday [Scotland]
20180807,2018-08-07,07-08-2018,08-07-2018,08,th,Tuesday,2,3,1,31,219,2,32,8,August,2018,Aug-2018,082018,2018-08-01,2018-08-31,2018-01-01,2018-12-31,0,1,,0,
20180808,2018-08-08,08-08-2018,08-08-2018,08,th,Wednesday,3,4,1,31,220,2,32,8,August,2018,Aug-2018,082018,2018-08-01,2018-08-31,2018-01-01,2018-12-31,0,1,,0,
20180809,2018-08-09,09-08-2018,08-09-2018,08,th,Thursday,4,5,1,31,221,2,32,8,August,2018,Aug-2018,082018,2018-08-01,2018-08-31,2018-01-01,2018-12-31,0,1,,0,
20180810,2018-08-10,10-08-2018,08-10-2018,08,th,Friday,5,6,1,31,222,2,32,8,August,2018,Aug-2018,082018,2018-08-01,2018-08-31,2018-01-01,2018-12-31,0,1,,0,
20180811,2018-08-11,11-08-2018,08-11-2018,08,th,Saturday,6,7,1,31,223,2,32,8,August,2018,Aug-2018,082018,2018-08-01,2018-08-31,2018-01-01,2018-12-31,0,0,,0,
20180812,2018-08-12,12-08-2018,08-12-2018,08,th,Sunday,7,1,2,31,224,2,32,8,August,2018,Aug-2018,082018,2018-08-01,2018-08-31,2018-01-01,2018-12-31,0,0,,0,
20180813,2018-08-13,13-08-2018,08-13-2018,08,th,Monday,1,2,2,32,225,3,33,8,August,2018,Aug-2018,082018,2018-08-01,2018-08-31,2018-01-01,2018-12-31,0,1,,0,
20180814,2018-08-14,14-08-2018,08-14-2018,08,th,Tuesday,2,3,2,32,226,3,33,8,August,2018,Aug-2018,082018,2018-08-01,2018-08-31,2018-01-01,2018-12-31,0,1,,0,
20180815,2018-08-15,15-08-2018,08-15-2018,08,th,Wednesday,3,4,2,32,227,3,33,8,August,2018,Aug-2018,082018,2018-08-01,2018-08-31,2018-01-01,2018-12-31,0,1,,0,
20180816,2018-08-16,16-08-2018,08-16-2018,08,th,Thursday,4,5,2,32,228,3,33,8,August,2018,Aug-2018,082018,2018-08-01,2018-08-31,2018-01-01,2018-12-31,0,1,,0,
20180817,2018-08-17,17-08-2018,08-17-2018,08,th,Friday,5,6,2,32,229,3,33,8,August,2018,Aug-2018,082018,2018-08-01,2018-08-31,2018-01-01,2018-12-31,0,1,,0,
20180818,2018-08-18,18-08-2018,08-18-2018,08,th,Saturday,6,7,2,32,230,3,33,8,August,2018,Aug-2018,082018,2018-08-01,2018-08-31,2018-01-01,2018-12-31,0,0,,0,
20180819,2018-08-19,19-08-2018,08-19-2018,08,th,Sunday,7,1,3,32,231,3,33,8,August,2018,Aug-2018,082018,2018-08-01,2018-08-31,2018-01-01,2018-12-31,0,0,,0,
20180820,2018-08-20,20-08-2018,08-20-2018,08,th,Monday,1,2,3,33,232,4,34,8,August,2018,Aug-2018,082018,2018-08-01,2018-08-31,2018-01-01,2018-12-31,0,1,,0,
20180821,2018-08-21,21-08-2018,08-21-2018,08,st,Tuesday,2,3,3,33,233,4,34,8,August,2018,Aug-2018,082018,2018-08-01,2018-08-31,2018-01-01,2018-12-31,0,1,,0,
20180822,2018-08-22,22-08-2018,08-22-2018,08,nd,Wednesday,3,4,3,33,234,4,34,8,August,2018,Aug-2018,082018,2018-08-01,2018-08-31,2018-01-01,2018-12-31,0,1,,0,
20180823,2018-08-23,23-08-2018,08-23-2018,08,rd,Thursday,4,5,3,33,235,4,34,8,August,2018,Aug-2018,082018,2018-08-01,2018-08-31,2018-01-01,2018-12-31,0,1,,0,
20180824,2018-08-24,24-08-2018,08-24-2018,08,th,Friday,5,6,3,33,236,4,34,8,August,2018,Aug-2018,082018,2018-08-01,2018-08-31,2018-01-01,2018-12-31,0,1,,0,
20180825,2018-08-25,25-08-2018,08-25-2018,08,th,Saturday,6,7,3,33,237,4,34,8,August,2018,Aug-2018,082018,2018-08-01,2018-08-31,2018-01-01,2018-12-31,0,0,,0,
20180826,2018-08-26,26-08-2018,08-26-2018,08,th,Sunday,7,1,4,33,238,4,34,8,August,2018,Aug-2018,082018,2018-08-01,2018-08-31,2018-01-01,2018-12-31,0,0,,0,
20180827,2018-08-27,27-08-2018,08-27-2018,08,th,Monday,1,2,4,34,239,5,35,8,August,2018,Aug-2018,082018,2018-08-01,2018-08-31,2018-01-01,2018-12-31,0,1,,1,"Late Summer Bank Holiday [England, Wales, Northern Ireland]"
20180828,2018-08-28,28-08-2018,08-28-2018,08,th,Tuesday,2,3,4,34,240,5,35,8,August,2018,Aug-2018,082018,2018-08-01,2018-08-31,2018-01-01,2018-12-31,0,1,,0,
20180829,2018-08-29,29-08-2018,08-29-2018,08,th,Wednesday,3,4,4,34,241,5,35,8,August,2018,Aug-2018,082018,2018-08-01,2018-08-31,2018-01-01,2018-12-31,0,1,,0,
20180830,2018-08-30,30-08-2018,08-30-2018,08,th,Thursday,4,5,4,34,242,5,35,8,August,2018,Aug-2018,082018,2018-08-01,2018-08-31,2018-01-01,2018-12-31,0,1,,0,
20180831,2018-08-31,31-08-2018,08-31-2018,08,st,Friday,5,6,4,34,243,5,35,8,August,2018,Aug-2018,082018,2018-08-01,2018-08-31,2018-01-01,2018-12-31,0,1,,0,
20180901,2018-09-01,01-09-2018,09-01-2018,09,st,Saturday,6,7,0,34,244,1,35,9,September,2018,Sep-2018,092018,2018-09-01,2018-09-30,2018-01-01,2018-12-31,0,0,,0,
20180902,2018-09-02,02-09-2018,09-02-2018,09,nd,Sunday,7,1,1,34,245,1,35,9,September,2018,Sep-2018,092018,2018-09-01,2018-09-30,2018-01-01,2018-12-31,0,0,,0,
20180903,2018-09-03,03-09-2018,09-03-2018,09,rd,Monday,1,2,1,35,246,2,36,9,September,2018,Sep-2018,092018,2018-09-01,2018-09-30,2018-01-01,2018-12-31,1,1,Labor Day,0,
20180904,2018-09-04,04-09-2018,09-04-2018,09,th,Tuesday,2,3,1,35,247,2,36,9,September,2018,Sep-2018,092018,2018-09-01,2018-09-30,2018-01-01,2018-12-31,0,1,,0,
20180905,2018-09-05,05-09-2018,09-05-2018,09,th,Wednesday,3,4,1,35,248,2,36,9,September,2018,Sep-2018,092018,2018-09-01,2018-09-30,2018-01-01,2018-12-31,0,1,,0,
20180906,2018-09-06,06-09-2018,09-06-2018,09,th,Thursday,4,5,1,35,249,2,36,9,September,2018,Sep-2018,092018,2018-09-01,2018-09-30,2018-01-01,2018-12-31,0,1,,0,
20180907,2018-09-07,07-09-2018,09-07-2018,09,th,Friday,5,6,1,35,250,2,36,9,September,2018,Sep-2018,092018,2018-09-01,2018-09-30,2018-01-01,2018-12-31,0,1,,0,
20180908,2018-09-08,08-09-2018,09-08-2018,09,th,Saturday,6,7,1,35,251,2,36,9,September,2018,Sep-2018,092018,2018-09-01,2018-09-30,2018-01-01,2018-12-31,0,0,,0,
20180909,2018-09-09,09-09-2018,09-09-2018,09,th,Sunday,7,1,2,35,252,2,36,9,September,2018,Sep-2018,092018,2018-09-01,2018-09-30,2018-01-01,2018-12-31,0,0,,0,
20180910,2018-09-10,10-09-2018,09-10-2018,09,th,Monday,1,2,2,36,253,3,37,9,September,2018,Sep-2018,092018,2018-09-01,2018-09-30,2018-01-01,2018-12-31,0,1,,0,
20180911,2018-09-11,11-09-2018,09-11-2018,09,th,Tuesday,2,3,2,36,254,3,37,9,September,2018,Sep-2018,092018,2018-09-01,2018-09-30,2018-01-01,2018-12-31,0,1,,0,
20180912,2018-09-12,12-09-2018,09-12-2018,09,th,Wednesday,3,4,2,36,255,3,37,9,September,2018,Sep-2018,092018,2018-09-01,2018-09-30,2018-01-01,2018-12-31,0,1,,0,
20180913,2018-09-13,13-09-2018,09-13-2018,09,th,Thursday,4,5,2,36,256,3,37,9,September,2018,Sep-2018,092018,2018-09-01,2018-09-30,2018-01-01,2018-12-31,0,1,,0,
20180914,2018-09-14,14-09-2018,09-14-2018,09,th,Friday,5,6,2,36,257,3,37,9,September,2018,Sep-2018,092018,2018-09-01,2018-09-30,2018-01-01,2018-12-31,0,1,,0,
20180915,2018-09-15,15-09-2018,09-15-2018,09,th,Saturday,6,7,2,36,258,3,37,9,September,2018,Sep-2018,092018,2018-09-01,2018-09-30,2018-01-01,2018-12-31,0,0,,0,
20180916,2018-09-16,16-09-2018,09-16-2018,09,th,Sunday,7,1,3,36,259,3,37,9,September,2018,Sep-2018,092018,2018-09-01,2018-09-30,2018-01-01,2018-12-31,0,0,,0,
20180917,2018-09-17,17-09-2018,09-17-2018,09,th,Monday,1,2,3,37,260,4,38,9,September,2018,Sep-2018,092018,2018-09-01,2018-09-30,2018-01-01,2018-12-31,0,1,,0,
20180918,2018-09-18,18-09-2018,09-18-2018,09,th,Tuesday,2,3,3,37,261,4,38,9,September,2018,Sep-2018,092018,2018-09-01,2018-09-30,2018-01-01,2018-12-31,0,1,,0,
20180919,2018-09-19,19-09-2018,09-19-2018,09,th,Wednesday,3,4,3,37,262,4,38,9,September,2018,Sep-2018,092018,2018-09-01,2018-09-30,2018-01-01,2018-12-31,0,1,,0,
20180920,2018-09-20,20-09-2018,09-20-2018,09,th,Thursday,4,5,3,37,263,4,38,9,September,2018,Sep-2018,092018,2018-09-01,2018-09-30,2018-01-01,2018-12-31,0,1,,0,
20180921,2018-09-21,21-09-2018,09-21-2018,09,st,Friday,5,6,3,37,264,4,38,9,September,2018,Sep-2018,092018,2018-09-01,2018-09-30,2018-01-01,2018-12-31,0,1,,0,
20180922,2018-09-22,22-09-2018,09-22-2018,09,nd,Saturday,6,7,3,37,265,4,38,9,September,2018,Sep-2018,092018,2018-09-01,2018-09-30,2018-01-01,2018-12-31,0,0,,0,
20180923,2018-09-23,23-09-2018,09-23-2018,09,rd,Sunday,7,1,4,37,266,4,38,9,September,2018,Sep-2018,092018,2018-09-01,2018-09-30,2018-01-01,2018-12-31,0,0,,0,
20180924,2018-09-24,24-09-2018,09-24-2018,09,th,Monday,1,2,4,38,267,5,39,9,September,2018,Sep-2018,092018,2018-09-01,2018-09-30,2018-01-01,2018-12-31,0,1,,0,
20180925,2018-09-25,25-09-2018,09-25-2018,09,th,Tuesday,2,3,4,38,268,5,39,9,September,2018,Sep-2018,092018,2018-09-01,2018-09-30,2018-01-01,2018-12-31,0,1,,0,
20180926,2018-09-26,26-09-2018,09-26-2018,09,th,Wednesday,3,4,4,38,269,5,39,9,September,2018,Sep-2018,092018,2018-09-01,2018-09-30,2018-01-01,2018-12-31,0,1,,0,
20180927,2018-09-27,27-09-2018,09-27-2018,09,th,Thursday,4,5,4,38,270,5,39,9,September,2018,Sep-2018,092018,2018-09-01,2018-09-30,2018-01-01,2018-12-31,0,1,,0,
20180928,2018-09-28,28-09-2018,09-28-2018,09,th,Friday,5,6,4,38,271,5,39,9,September,2018,Sep-2018,092018,2018-09-01,2018-09-30,2018-01-01,2018-12-31,0,1,,0,
20180929,2018-09-29,29-09-2018,09-29-2018,09,th,Saturday,6,7,4,38,272,5,39,9,September,2018,Sep-2018,092018,2018-09-01,2018-09-30,2018-01-01,2018-12-31,0,0,,0,
20180930,2018-09-30,30-09-2018,09-30-2018,09,th,Sunday,7,1,5,38,273,5,39,9,September,2018,Sep-2018,092018,2018-09-01,2018-09-30,2018-01-01,2018-12-31,0,0,,0,
20181001,2018-10-01,01-10-2018,10-01-2018,10,st,Monday,1,2,0,39,274,1,40,10,October,2018,Oct-2018,102018,2018-10-01,2018-10-31,2018-01-01,2018-12-31,0,1,,0,
20181002,2018-10-02,02-10-2018,10-02-2018,10,nd,Tuesday,2,3,0,39,275,1,40,10,October,2018,Oct-2018,102018,2018-10-01,2018-10-31,2018-01-01,2018-12-31,0,1,,0,
20181003,2018-10-03,03-10-2018,10-03-2018,10,rd,Wednesday,3,4,0,39,276,1,40,10,October,2018,Oct-2018,102018,2018-10-01,2018-10-31,2018-01-01,2018-12-31,0,1,,0,
20181004,2018-10-04,04-10-2018,10-04-2018,10,th,Thursday,4,5,0,39,277,1,40,10,October,2018,Oct-2018,102018,2018-10-01,2018-10-31,2018-01-01,2018-12-31,0,1,,0,
20181005,2018-10-05,05-10-2018,10-05-2018,10,th,Friday,5,6,0,39,278,1,40,10,October,2018,Oct-2018,102018,2018-10-01,2018-10-31,2018-01-01,2018-12-31,0,1,,0,
20181006,2018-10-06,06-10-2018,10-06-2018,10,th,Saturday,6,7,0,39,279,1,40,10,October,2018,Oct-2018,102018,2018-10-01,2018-10-31,2018-01-01,2018-12-31,0,0,,0,
20181007,2018-10-07,07-10-2018,10-07-2018,10,th,Sunday,7,1,1,39,280,1,40,10,October,2018,Oct-2018,102018,2018-10-01,2018-10-31,2018-01-01,2018-12-31,0,0,,0,
20181008,2018-10-08,08-10-2018,10-08-2018,10,th,Monday,1,2,1,40,281,2,41,10,October,2018,Oct-2018,102018,2018-10-01,2018-10-31,2018-01-01,2018-12-31,1,1,Columbus Day,0,
20181009,2018-10-09,09-10-2018,10-09-2018,10,th,Tuesday,2,3,1,40,282,2,41,10,October,2018,Oct-2018,102018,2018-10-01,2018-10-31,2018-01-01,2018-12-31,0,1,,0,
20181010,2018-10-10,10-10-2018,10-10-2018,10,th,Wednesday,3,4,1,40,283,2,41,10,October,2018,Oct-2018,102018,2018-10-01,2018-10-31,2018-01-01,2018-12-31,0,1,,0,
20181011,2018-10-11,11-10-2018,10-11-2018,10,th,Thursday,4,5,1,40,284,2,41,10,October,2018,Oct-2018,102018,2018-10-01,2018-10-31,2018-01-01,2018-12-31,0,1,,0,
20181012,2018-10-12,12-10-2018,10-12-2018,10,th,Friday,5,6,1,40,285,2,41,10,October,2018,Oct-2018,102018,2018-10-01,2018-10-31,2018-01-01,2018-12-31,0,1,,0,
20181013,2018-10-13,13-10-2018,10-13-2018,10,th,Saturday,6,7,1,40,286,2,41,10,October,2018,Oct-2018,102018,2018-10-01,2018-10-31,2018-01-01,2018-12-31,0,0,,0,
20181014,2018-10-14,14-10-2018,10-14-2018,10,th,Sunday,7,1,2,40,287,2,41,10,October,2018,Oct-2018,102018,2018-10-01,2018-10-31,2018-01-01,2018-12-31,0,0,,0,
20181015,2018-10-15,15-10-2018,10-15-2018,10,th,Monday,1,2,2,41,288,3,42,10,October,2018,Oct-2018,102018,2018-10-01,2018-10-31,2018-01-01,2018-12-31,0,1,,0,
20181016,2018-10-16,16-10-2018,10-16-2018,10,th,Tuesday,2,3,2,41,289,3,42,10,October,2018,Oct-2018,102018,2018-10-01,2018-10-31,2018-01-01,2018-12-31,0,1,,0,
20181017,2018-10-17,17-10-2018,10-17-2018,10,th,Wednesday,3,4,2,41,290,3,42,10,October,2018,Oct-2018,102018,2018-10-01,2018-10-31,2018-01-01,2018-12-31,0,1,,0,
20181018,2018-10-18,18-10-2018,10-18-2018,10,th,Thursday,4,5,2,41,291,3,42,10,October,2018,Oct-2018,102018,2018-10-01,2018-10-31,2018-01-01,2018-12-31,0,1,,0,
20181019,2018-10-19,19-10-2018,10-19-2018,10,th,Friday,5,6,2,41,292,3,42,10,October,2018,Oct-2018,102018,2018-10-01,2018-10-31,2018-01-01,2018-12-31,0,1,,0,
20181020,2018-10-20,20-10-2018,10-20-2018,10,th,Saturday,6,7,2,41,293,3,42,10,October,2018,Oct-2018,102018,2018-10-01,2018-10-31,2018-01-01,2018-12-31,0,0,,0,
20181021,2018-10-21,21-10-2018,10-21-2018,10,st,Sunday,7,1,3,41,294,3,42,10,October,2018,Oct-2018,102018,2018-10-01,2018-10-31,2018-01-01,2018-12-31,0,0,,0,
20181022,2018-10-22,22-10-2018,10-22-2018,10,nd,Monday,1,2,3,42,295,4,43,10,October,2018,Oct-2018,102018,2018-10-01,2018-10-31,2018-01-01,2018-12-31,0,1,,0,
20181023,2018-10-23,23-10-2018,10-23-2018,10,rd,Tuesday,2,3,3,42,296,4,43,10,October,2018,Oct-2018,102018,2018-10-01,2018-10-31,2018-01-01,2018-12-31,0,1,,0,
20181024,2018-10-24,24-10-2018,10-24-2018,10,th,Wednesday,3,4,3,42,297,4,43,10,October,2018,Oct-2018,102018,2018-10-01,2018-10-31,2018-01-01,2018-12-31,0,1,,0,
20181025,2018-10-25,25-10-2018,10-25-2018,10,th,Thursday,4,5,3,42,298,4,43,10,October,2018,Oct-2018,102018,2018-10-01,2018-10-31,2018-01-01,2018-12-31,0,1,,0,
20181026,2018-10-26,26-10-2018,10-26-2018,10,th,Friday,5,6,3,42,299,4,43,10,October,2018,Oct-2018,102018,2018-10-01,2018-10-31,2018-01-01,2018-12-31,0,1,,0,
20181027,2018-10-27,27-10-2018,10-27-2018,10,th,Saturday,6,7,3,42,300,4,43,10,October,2018,Oct-2018,102018,2018-10-01,2018-10-31,2018-01-01,2018-12-31,0,0,,0,
20181028,2018-10-28,28-10-2018,10-28-2018,10,th,Sunday,7,1,4,42,301,4,43,10,October,2018,Oct-2018,102018,2018-10-01,2018-10-31,2018-01-01,2018-12-31,0,0,,0,
20181029,2018-10-29,29-10-2018,10-29-2018,10,th,Monday,1,2,4,43,302,5,44,10,October,2018,Oct-2018,102018,2018-10-01,2018-10-31,2018-01-01,2018-12-31,0,1,,0,
20181030,2018-10-30,30-10-2018,10-30-2018,10,th,Tuesday,2,3,4,43,303,5,44,10,October,2018,Oct-2018,102018,2018-10-01,2018-10-31,2018-01-01,2018-12-31,0,1,,0,
20181031,2018-10-31,31-10-2018,10-31-2018,10,st,Wednesday,3,4,4,43,304,5,44,10,October,2018,Oct-2018,102018,2018-10-01,2018-10-31,2018-01-01,2018-12-31,0,1,,0,
20181101,2018-11-01,01-11-2018,11-01-2018,11,st,Thursday,4,5,0,43,305,1,44,11,November,2018,Nov-2018,112018,2018-11-01,2018-11-30,2018-01-01,2018-12-31,0,1,,0,
20181102,2018-11-02,02-11-2018,11-02-2018,11,nd,Friday,5,6,0,43,306,1,44,11,November,2018,Nov-2018,112018,2018-11-01,2018-11-30,2018-01-01,2018-12-31,0,1,,0,
20181103,2018-11-03,03-11-2018,11-03-2018,11,rd,Saturday,6,7,0,43,307,1,44,11,November,2018,Nov-2018,112018,2018-11-01,2018-11-30,2018-01-01,2018-12-31,0,0,,0,
20181104,2018-11-04,04-11-2018,11-04-2018,11,th,Sunday,7,1,1,43,308,1,44,11,November,2018,Nov-2018,112018,2018-11-01,2018-11-30,2018-01-01,2018-12-31,0,0,,0,
20181105,2018-11-05,05-11-2018,11-05-2018,11,th,Monday,1,2,1,44,309,2,45,11,November,2018,Nov-2018,112018,2018-11-01,2018-11-30,2018-01-01,2018-12-31,0,1,,0,
20181106,2018-11-06,06-11-2018,11-06-2018,11,th,Tuesday,2,3,1,44,310,2,45,11,November,2018,Nov-2018,112018,2018-11-01,2018-11-30,2018-01-01,2018-12-31,0,1,,0,
20181107,2018-11-07,07-11-2018,11-07-2018,11,th,Wednesday,3,4,1,44,311,2,45,11,November,2018,Nov-2018,112018,2018-11-01,2018-11-30,2018-01-01,2018-12-31,0,1,,0,
20181108,2018-11-08,08-11-2018,11-08-2018,11,th,Thursday,4,5,1,44,312,2,45,11,November,2018,Nov-2018,112018,2018-11-01,2018-11-30,2018-01-01,2018-12-31,0,1,,0,
20181109,2018-11-09,09-11-2018,11-09-2018,11,th,Friday,5,6,1,44,313,2,45,11,November,2018,Nov-2018,112018,2018-11-01,2018-11-30,2018-01-01,2018-12-31,0,1,,0,
20181110,2018-11-10,10-11-2018,11-10-2018,11,th,Saturday,6,7,1,44,314,2,45,11,November,2018,Nov-2018,112018,2018-11-01,2018-11-30,2018-01-01,2018-12-31,0,0,,0,
20181111,2018-11-11,11-11-2018,11-11-2018,11,th,Sunday,7,1,2,44,315,2,45,11,November,2018,Nov-2018,112018,2018-11-01,2018-11-30,2018-01-01,2018-12-31,1,0,Veterans Day,0,
20181112,2018-11-12,12-11-2018,11-12-2018,11,th,Monday,1,2,2,45,316,3,46,11,November,2018,Nov-2018,112018,2018-11-01,2018-11-30,2018-01-01,2018-12-31,1,1,Veterans Day (Observed),0,
20181113,2018-11-13,13-11-2018,11-13-2018,11,th,Tuesday,2,3,2,45,317,3,46,11,November,2018,Nov-2018,112018,2018-11-01,2018-11-30,2018-01-01,2018-12-31,0,1,,0,
20181114,2018-11-14,14-11-2018,11-14-2018,11,th,Wednesday,3,4,2,45,318,3,46,11,November,2018,Nov-2018,112018,2018-11-01,2018-11-30,2018-01-01,2018-12-31,0,1,,0,
20181115,2018-11-15,15-11-2018,11-15-2018,11,th,Thursday,4,5,2,45,319,3,46,11,November,2018,Nov-2018,112018,2018-11-01,2018-11-30,2018-01-01,2018-12-31,0,1,,0,
20181116,2018-11-16,16-11-2018,11-16-2018,11,th,Friday,5,6,2,45,320,3,46,11,November,2018,Nov-2018,112018,2018-11-01,2018-11-30,2018-01-01,2018-12-31,0,1,,0,
20181117,2018-11-17,17-11-2018,11-17-2018,11,th,Saturday,6,7,2,45,321,3,46,11,November,2018,Nov-2018,112018,2018-11-01,2018-11-30,2018-01-01,2018-12-31,0,0,,0,
20181118,2018-11-18,18-11-2018,11-18-2018,11,th,Sunday,7,1,3,45,322,3,46,11,November,2018,Nov-2018,112018,2018-11-01,2018-11-30,2018-01-01,2018-12-31,0,0,,0,
20181119,2018-11-19,19-11-2018,11-19-2018,11,th,Monday,1,2,3,46,323,4,47,11,November,2018,Nov-2018,112018,2018-11-01,2018-11-30,2018-01-01,2018-12-31,0,1,,0,
20181120,2018-11-20,20-11-2018,11-20-2018,11,th,Tuesday,2,3,3,46,324,4,47,11,November,2018,Nov-2018,112018,2018-11-01,2018-11-30,2018-01-01,2018-12-31,0,1,,0,
20181121,2018-11-21,21-11-2018,11-21-2018,11,st,Wednesday,3,4,3,46,325,4,47,11,November,2018,Nov-2018,112018,2018-11-01,2018-11-30,2018-01-01,2018-12-31,0,1,,0,
20181122,2018-11-22,22-11-2018,11-22-2018,11,nd,Thursday,4,5,3,46,326,4,47,11,November,2018,Nov-2018,112018,2018-11-01,2018-11-30,2018-01-01,2018-12-31,1,1,Thanksgiving,0,
20181123,2018-11-23,23-11-2018,11-23-2018,11,rd,Friday,5,6,3,46,327,4,47,11,November,2018,Nov-2018,112018,2018-11-01,2018-11-30,2018-01-01,2018-12-31,0,1,,0,
20181124,2018-11-24,24-11-2018,11-24-2018,11,th,Saturday,6,7,3,46,328,4,47,11,November,2018,Nov-2018,112018,2018-11-01,2018-11-30,2018-01-01,2018-12-31,0,0,,0,
20181125,2018-11-25,25-11-2018,11-25-2018,11,th,Sunday,7,1,4,46,329,4,47,11,November,2018,Nov-2018,112018,2018-11-01,2018-11-30,2018-01-01,2018-12-31,0,0,,0,
20181126,2018-11-26,26-11-2018,11-26-2018,11,th,Monday,1,2,4,47,330,5,48,11,November,2018,Nov-2018,112018,2018-11-01,2018-11-30,2018-01-01,2018-12-31,0,1,,0,
20181127,2018-11-27,27-11-2018,11-27-2018,11,th,Tuesday,2,3,4,47,331,5,48,11,November,2018,Nov-2018,112018,2018-11-01,2018-11-30,2018-01-01,2018-12-31,0,1,,0,
20181128,2018-11-28,28-11-2018,11-28-2018,11,th,Wednesday,3,4,4,47,332,5,48,11,November,2018,Nov-2018,112018,2018-11-01,2018-11-30,2018-01-01,2018-12-31,0,1,,0,
20181129,2018-11-29,29-11-2018,11-29-2018,11,th,Thursday,4,5,4,47,333,5,48,11,November,2018,Nov-2018,112018,2018-11-01,2018-11-30,2018-01-01,2018-12-31,0,1,,0,
20181130,2018-11-30,30-11-2018,11-30-2018,11,th,Friday,5,6,4,47,334,5,48,11,November,2018,Nov-2018,112018,2018-11-01,2018-11-30,2018-01-01,2018-12-31,0,1,,1,St. Andrew's Day [Scotland]
20181201,2018-12-01,01-12-2018,12-01-2018,12,st,Saturday,6,7,0,47,335,1,48,12,December,2018,Dec-2018,122018,2018-12-01,2018-12-31,2018-01-01,2018-12-31,0,0,,0,
20181202,2018-12-02,02-12-2018,12-02-2018,12,nd,Sunday,7,1,1,47,336,1,48,12,December,2018,Dec-2018,122018,2018-12-01,2018-12-31,2018-01-01,2018-12-31,0,0,,0,
20181203,2018-12-03,03-12-2018,12-03-2018,12,rd,Monday,1,2,1,48,337,2,49,12,December,2018,Dec-2018,122018,2018-12-01,2018-12-31,2018-01-01,2018-12-31,0,1,,0,
20181204,2018-12-04,04-12-2018,12-04-2018,12,th,Tuesday,2,3,1,48,338,2,49,12,December,2018,Dec-2018,122018,2018-12-01,2018-12-31,2018-01-01,2018-12-31,0,1,,0,
20181205,2018-12-05,05-12-2018,12-05-2018,12,th,Wednesday,3,4,1,48,339,2,49,12,December,2018,Dec-2018,122018,2018-12-01,2018-12-31,2018-01-01,2018-12-31,0,1,,0,
20181206,2018-12-06,06-12-2018,12-06-2018,12,th,Thursday,4,5,1,48,340,2,49,12,December,2018,Dec-2018,122018,2018-12-01,2018-12-31,2018-01-01,2018-12-31,0,1,,0,
20181207,2018-12-07,07-12-2018,12-07-2018,12,th,Friday,5,6,1,48,341,2,49,12,December,2018,Dec-2018,122018,2018-12-01,2018-12-31,2018-01-01,2018-12-31,0,1,,0,
20181208,2018-12-08,08-12-2018,12-08-2018,12,th,Saturday,6,7,1,48,342,2,49,12,December,2018,Dec-2018,122018,2018-12-01,2018-12-31,2018-01-01,2018-12-31,0,0,,0,
20181209,2018-12-09,09-12-2018,12-09-2018,12,th,Sunday,7,1,2,48,343,2,49,12,December,2018,Dec-2018,122018,2018-12-01,2018-12-31,2018-01-01,2018-12-31,0,0,,0,
20181210,2018-12-10,10-12-2018,12-10-2018,12,th,Monday,1,2,2,49,344,3,50,12,December,2018,Dec-2018,122018,2018-12-01,2018-12-31,2018-01-01,2018-12-31,0,1,,0,
20181211,2018-12-11,11-12-2018,12-11-2018,12,th,Tuesday,2,3,2,49,345,3,50,12,December,2018,Dec-2018,122018,2018-12-01,2018-12-31,2018-01-01,2018-12-31,0,1,,0,
20181212,2018-12-12,12-12-2018,12-12-2018,12,th,Wednesday,3,4,2,49,346,3,50,12,December,2018,Dec-2018,122018,2018-12-01,2018-12-31,2018-01-01,2018-12-31,0,1,,0,
20181213,2018-12-13,13-12-2018,12-13-2018,12,th,Thursday,4,5,2,49,347,3,50,12,December,2018,Dec-2018,122018,2018-12-01,2018-12-31,2018-01-01,2018-12-31,0,1,,0,
20181214,2018-12-14,14-12-2018,12-14-2018,12,th,Friday,5,6,2,49,348,3,50,12,December,2018,Dec-2018,122018,2018-12-01,2018-12-31,2018-01-01,2018-12-31,0,1,,0,
20181215,2018-12-15,15-12-2018,12-15-2018,12,th,Saturday,6,7,2,49,349,3,50,12,December,2018,Dec-2018,122018,2018-12-01,2018-12-31,2018-01-01,2018-12-31,0,0,,0,
20181216,2018-12-16,16-12-2018,12-16-2018,12,th,Sunday,7,1,3,49,350,3,50,12,December,2018,Dec-2018,122018,2018-12-01,2018-12-31,2018-01-01,2018-12-31,0,0,,0,
20181217,2018-12-17,17-12-2018,12-17-2018,12,th,Monday,1,2,3,50,351,4,51,12,December,2018,Dec-2018,122018,2018-12-01,2018-12-31,2018-01-01,2018-12-31,0,1,,0,
20181218,2018-12-18,18-12-2018,12-18-2018,12,th,Tuesday,2,3,3,50,352,4,51,12,December,2018,Dec-2018,122018,2018-12-01,2018-12-31,2018-01-01,2018-12-31,0,1,,0,
20181219,2018-12-19,19-12-2018,12-19-2018,12,th,Wednesday,3,4,3,50,353,4,51,12,December,2018,Dec-2018,122018,2018-12-01,2018-12-31,2018-01-01,2018-12-31,0,1,,0,
20181220,2018-12-20,20-12-2018,12-20-2018,12,th,Thursday,4,5,3,50,354,4,51,12,December,2018,Dec-2018,122018,2018-12-01,2018-12-31,2018-01-01,2018-12-31,0,1,,0,
20181221,2018-12-21,21-12-2018,12-21-2018,12,st,Friday,5,6,3,50,355,4,51,12,December,2018,Dec-2018,122018,2018-12-01,2018-12-31,2018-01-01,2018-12-31,0,1,,0,
20181222,2018-12-22,22-12-2018,12-22-2018,12,nd,Saturday,6,7,3,50,356,4,51,12,December,2018,Dec-2018,122018,2018-12-01,2018-12-31,2018-01-01,2018-12-31,0,0,,0,
20181223,2018-12-23,23-12-2018,12-23-2018,12,rd,Sunday,7,1,4,50,357,4,51,12,December,2018,Dec-2018,122018,2018-12-01,2018-12-31,2018-01-01,2018-12-31,0,0,,0,
20181224,2018-12-24,24-12-2018,12-24-2018,12,th,Monday,1,2,4,51,358,5,52,12,December,2018,Dec-2018,122018,2018-12-01,2018-12-31,2018-01-01,2018-12-31,0,1,,0,
20181225,2018-12-25,25-12-2018,12-25-2018,12,th,Tuesday,2,3,4,51,359,5,52,12,December,2018,Dec-2018,122018,2018-12-01,2018-12-31,2018-01-01,2018-12-31,1,1,Christmas Day,1,Christmas Day
20181226,2018-12-26,26-12-2018,12-26-2018,12,th,Wednesday,3,4,4,51,360,5,52,12,December,2018,Dec-2018,122018,2018-12-01,2018-12-31,2018-01-01,2018-12-31,0,1,,1,Boxing Day
20181227,2018-12-27,27-12-2018,12-27-2018,12,th,Thursday,4,5,4,51,361,5,52,12,December,2018,Dec-2018,122018,2018-12-01,2018-12-31,2018-01-01,2018-12-31,0,1,,0,
20181228,2018-12-28,28-12-2018,12-28-2018,12,th,Friday,5,6,4,51,362,5,52,12,December,2018,Dec-2018,122018,2018-12-01,2018-12-31,2018-01-01,2018-12-31,0,1,,0,
20181229,2018-12-29,29-12-2018,12-29-2018,12,th,Saturday,6,7,4,51,363,5,52,12,December,2018,Dec-2018,122018,2018-12-01,2018-12-31,2018-01-01,2018-12-31,0,0,,0,
20181230,2018-12-30,30-12-2018,12-30-2018,12,th,Sunday,7,1,5,51,364,5,52,12,December,2018,Dec-2018,122018,2018-12-01,2018-12-31,2018-01-01,2018-12-31,0,0,,0,
20181231,2018-12-31,31-12-2018,12-31-2018,12,st,Monday,1,2,5,52,365,6,1,12,December,2018,Dec-2018,122018,2018-12-01,2018-12-31,2018-01-01,2018-12-31,0,1,,0,
20190101,2019-01-01,01-01-2019,01-01-2019,01,st,Tuesday,2,3,0,0,1,1,1,1,January,2019,Jan-2019,012019,2019-01-01,2019-01-31,2019-01-01,2019-12-31,1,1,New Year's Day,1,New Year's Day
